{
    "accuracy": 60.0,
    "precision": 41.17647058823529,
    "recall": 100.0,
    "f1_score": 58.333333333333336
}