{
    "accuracy": 53.84615384615385,
    "precision": 52.63157894736842,
    "recall": 76.92307692307693,
    "f1_score": 62.5
}