{
    "accuracy": 50.0,
    "precision": 50.0,
    "recall": 66.66666666666666,
    "f1_score": 57.14285714285714
}